countryname,countryname_fr,countryname_catnat,countryname_dhs,countryname_mics,iso3,iso2
Aruba,Aruba,Aruba,Aruba,Aruba,ABW,AW
Afghanistan,Afghanistan,Afghanistan,Afghanistan,Afghanistan,AFG,AF
Angola,Angola,Angola,Angola,Angola,AGO,AO
Anguilla,Anguilla,Anguilla,Anguilla,Anguilla,AIA,AI
Albania,Albanie,Albanie,Albania,Albania,ALB,AL
Andorra,Andorre,Andorre,Andorra,Andorra,AND,AD
Netherlands Antilles,Antilles néerlandaises,Antilles néerlandaises,Netherlands Antilles,Netherlands Antilles,ANT,AN
United Arab Emirates (the),Émirats arabes unis,Emirats arabes unis,United Arab Emirates,United Arab Emirates,ARE,AE
Argentina,Argentine,Argentine,Argentina,Argentina,ARG,AR
Armenia,Arménie,Arménie,Armenia,Armenia,ARM,AM
American Samoa,Samoa américaines,Samoa Américaine,American Samoa,American Samoa,ASM,AS
Antigua and Barbuda,Antigua-et-Barbuda,Antigua-et-Barbuda,Antigua and Barbuda,Antigua and Barbuda,ATG,AG
Australia,Australie,Australie,Australia,Australia,AUS,AU
Austria,Autriche,Autriche,Austria,Austria,AUT,AT
Azerbaijan,Azerbaïdjan,Azerbaïdjan,Azerbaijan,Azerbaijan,AZE,AZ
Azores Islands,Îles des Açores,Iles des Açores,Azores Islands,Azores Islands,AZO,XR
Burundi,Burundi,Burundi,Burundi,Burundi,BDI,BI
Belgium,Belgique,Belgique,Belgium,Belgium,BEL,BE
Benin,Bénin,Bénin,Benin,Benin,BEN,BJ
"Bonaire, Sint Eustatius and Saba","Bonaire, Saint-Eustache et Saba","Bonaire, Saint-Eustache et Saba","Bonaire, Sint Eustatius and Saba","Bonaire, Sint Eustatius and Saba",BES,BQ
Burkina Faso,Burkina Faso,Burkina Faso,Burkina Faso,Burkina Faso,BFA,BF
Bangladesh,Bangladesh,Bangladesh,Bangladesh,Bangladesh,BGD,BD
Bulgaria,Bulgarie,Bulgarie,Bulgaria,Bulgaria,BGR,BG
Bahrain,Bahreïn,Bahrein,Bahrain,Bahrain,BHR,BH
Bahamas (the),Bahamas,Bahamas,Bahamas,Bahamas,BHS,BS
Bosnia and Herzegovina,Bosnie-Herzégovine,Bosnie Herzégovine,Bosnia and Herzegovina,Bosnia and Herzegovina,BIH,BA
Saint Barthelemy,Saint Barthélemy,Saint Barthélemy,Saint Barthelemy,Saint Barthelemy,BLM,BL
Belarus,Bélarus,Biélorussie,Belarus,Belarus,BLR,BY
Belize,Belize,Bélize,Belize,Belize,BLZ,BZ
Bermuda,Bermudes,Bermudes,Bermuda,Bermuda,BMU,BM
Bolivia (Plurinational State of),Bolivie,Bolivie,Bolivia,"Bolivia, Plurinational State of",BOL,BO
Brazil,Brésil,Brésil,Brazil,Brazil,BRA,BR
Barbados,Barbade,Barbade,Barbados,Barbados,BRB,BB
Brunei Darussalam,Brunéi Darussalam,Bruneï,Brunei Darussalam,Brunei Darussalam,BRN,BN
Bhutan,Bhoutan,Bhoutan,Bhutan,Bhutan,BTN,BT
Botswana,Botswana,Botswana,Botswana,Botswana,BWA,BW
Central African Republic,République centrafricaine,Centrafrique,Central African Republic,Central African Republic,CAF,CF
Canada,Canada,Canada,Canada,Canada,CAN,CA
Switzerland,Suisse,Suisse,Switzerland,Switzerland,CHE,CH
Chile,Chili,Chili,Chile,Chile,CHL,CL
China,Chine,Chine,China,China,CHN,CN
Cote d'Ivoire,Côte d'Ivoire,Côte d'Ivoire,Cote d'Ivoire,Côte d'Ivoire,CIV,CI
Cameroon,Cameroun,Cameroun,Cameroon,Cameroon,CMR,CM
Congo (the Democratic Republic of the),"Congo, République démocratique du",Rép. Dém. du Congo,Congo Democratic Republic,"Congo, Democratic Republic of the",COD,CD
Congo (the),"Congo, République du",Rép. du Congo,Congo,Congo,COG,CG
Cook Islands (the),Îles Cook,Iles Cook,Cook Islands,Cook Islands,COK,CK
Colombia,Colombie,Colombie,Colombia,Colombia,COL,CO
Comoros (the),Comores,Comores,Comoros,Comoros,COM,KM
Cabo Verde,Cabo Verde,Cap Vert,Cape Verde,Cape Verde,CPV,CV
Costa Rica,Costa Rica,Costa Rica,Costa Rica,Costa Rica,CRI,CR
Czechoslovakia,Tchécoslovaquie,Tchécoslovaquie,Czechoslovakia,Czechoslovakia,CSK,XC
Cuba,Cuba,Cuba,Cuba,Cuba,CUB,CU
Curacao,Curacao,Curacao,Curacao,Curacao,CUW,CW
Cayman Islands (the),Îles Caïmans,Iles Caïmans,Cayman Islands,Cayman Islands,CYM,KY
Cyprus,Chypre,Chypre,Cyprus,Cyprus,CYP,CY
Czech Republic (the),République tchèque,Rép. Tchèque,Czech Republic,Czech Republic,CZE,CZ
Germany Dem Rep,Rép.dém.Allemagne,Rép.dém.Allemagne,Germany Dem Rep,Germany Dem Rep,DDR,XD
Germany,Allemagne,Allemagne,Germany,Germany,DEU,DE
Germany Fed Rep,République fédérale d'Allemagne,Rép. fédérale d'Allemagne,Germany Fed Rep,Germany Fed Rep,DFR,XF
Djibouti,Djibouti,Djibouti,Djibouti,Djibouti,DJI,DJ
Dominica,Dominique,Dominique,Dominica,Dominica,DMA,DM
Denmark,Danemark,Danemark,Denmark,Denmark,DNK,DK
Dominican Republic (the),République dominicaine,Rép. Dominicaine,Dominican Republic,Dominican Republic,DOM,DO
Algeria,Algérie,Algérie,Algeria,Algeria,DZA,DZ
Ecuador,Équateur,Equateur,Ecuador,Ecuador,ECU,EC
Egypt,"Égypte, République arabe d’",Egypte,Egypt,Egypt,EGY,EG
Eritrea,Érythrée,Erythrée,Eritrea,Eritrea,ERI,ER
Spain,Espagne,Espagne,Spain,Spain,ESP,ES
Estonia,Estonie,Estonie,Estonia,Estonia,EST,EE
Ethiopia,Éthiopie,Ethiopie,Ethiopia,Ethiopia,ETH,ET
Finland,Finlande,Finlande,Finland,Finland,FIN,FI
Fiji,Fidji,Fidji,Fiji,Fiji,FJI,FJ
Falkland Islands (Malvinas),Îles Falkland (Malvinas),Iles Falkland (Malvinas),Falkland Islands (Malvinas),Falkland Islands (Malvinas),FLK,FK
France,France,France,France,France,FRA,FR
Faroe Islands,Îles Féroé,Iles Féroé,Faroe Islands,Faroe Islands,FRO,FO
Micronesia (Federated States of),"Micronésie, États fédérés de",Micronésie,Micronesia (Federated States of),Micronesia (Federated States of),FSM,FM
Gabon,Gabon,Gabon,Gabon,Gabon,GAB,GA
United Kingdom of Great Britain and Northern Ireland (the),Royaume-Uni,Royaume-Uni,United Kingdom of Great Britain and Northern Ireland,United Kingdom of Great Britain and Northern Ireland,GBR,GB
Georgia,Géorgie,Géorgie,Georgia,Georgia,GEO,GE
Guernsey,Guernesey,Guernesey,Guernsey,Guernsey,GGY,GG
Ghana,Ghana,Ghana,Ghana,Ghana,GHA,GH
Gibraltar,Gibraltar,Gibraltar,Gibraltar,Gibraltar,GIB,GI
Guinea,Guinée,Guinée,Guinea,Guinea,GIN,GN
Guadeloupe,Guadeloupe,Guadeloupe (France),Guadeloupe,Guadeloupe,GLP,GP
Gambia (the),Gambie,Gambie,Gambia,Gambia,GMB,GM
Guinea-Bissau,Guinée-Bissau,Guinée-Bissau,Guinea-Bissau,Guinea-Bissau,GNB,GW
Equatorial Guinea,Guinée équatoriale,Guinée equatoriale,Equatorial Guinea,Equatorial Guinea,GNQ,GQ
Greece,Grèce,Grèce,Greece,Greece,GRC,GR
Grenada,Grenade,Grenade,Grenada,Grenada,GRD,GD
Greenland,Groenland,Groenland,Greenland,Greenland,GRL,GL
Guatemala,Guatemala,Guatemala,Guatemala,Guatemala,GTM,GT
French Guiana,Guyane Française,Guyane (France),French Guiana,French Guiana,GUF,GF
Guam,Guam,Guam,Guam,Guam,GUM,GU
Guyana,Guyane,Guyana,Guyana,Guyana,GUY,GY
Hong Kong,"Chine, RAS de Hong Kong","Chine, RAS de Hong Kong",Hong Kong,Hong Kong,HKG,HK
Honduras,Honduras,Honduras,Honduras,Honduras,HND,HN
Croatia,Croatie,Croatie,Croatia,Croatia,HRV,HR
Haiti,Haïti,Haïti,Haiti,Haiti,HTI,HT
Hungary,Hongrie,Hongrie,Hungary,Hungary,HUN,HU
Indonesia,Indonésie,Indonésie,Indonesia,Indonesia,IDN,ID
Isle of Man,Île de Man,Ile de Man,Isle of Man,Isle of Man,IMN,IM
India,Inde,Inde,India,India,IND,IN
Ireland,Irlande,Irlande,Ireland,Ireland,IRL,IE
Iran (Islamic Republic of),"Iran, République islamique d’",Iran,Iran (Islamic Republic of),Iran (Islamic Republic of),IRN,IR
Iraq,Iraq,Irak,Iraq,Iraq,IRQ,IQ
Iceland,Islande,Islande,Iceland,Iceland,ISL,IS
Israel,Israël,Israël,Israel,Israel,ISR,IL
Italy,Italie,Italie,Italy,Italy,ITA,IT
Jamaica,Jamaïque,Jamaïque,Jamaica,Jamaica,JAM,JM
Jersey,Jersey,Jersey,Jersey,Jersey,JEY,JE
Jordan,Jordanie,Jordanie,Jordan,Jordan,JOR,JO
Japan,Japon,Japon,Japan,Japan,JPN,JP
Kazakhstan,Kazakhstan,Kazakhstan,Kazakhstan,Kazakhstan,KAZ,KZ
Kenya,Kenya,Kenya,Kenya,Kenya,KEN,KE
Kyrgyzstan,République kirghize,Kirgizstan,Kyrgyz Republic,Kyrgyzstan,KGZ,KG
Cambodia,Cambodge,Cambodge,Cambodia,Cambodia,KHM,KH
Kiribati,Kiribati,Kiribati,Kiribati,Kiribati,KIR,KI
Saint Kitts and Nevis,Saint-Kitts-et-Nevis,St Kitts et Nevis,Saint Kitts and Nevis,Saint Kitts and Nevis,KNA,KN
Korea (the Republic of),"Corée, République de",Corée du Sud,Korea (the Republic of),Korea (the Republic of),KOR,KR
Kuwait,Koweït,Koweït,Kuwait,Kuwait,KWT,KW
Lao People's Democratic Republic (the),République démocratique populaire lao,Laos,Lao People's Democratic Republic,Lao People's Democratic Republic,LAO,LA
Lebanon,Liban,Liban,Lebanon,Lebanon,LBN,LB
Liberia,Libéria,Libéria,Liberia,Liberia,LBR,LR
Libya,Libye,Libye,Libya,Libya,LBY,LY
Saint Lucia,Sainte-Lucie,Sainte-Lucie,Saint Lucia,Saint Lucia,LCA,LC
Liechtenstein,Liechtenstein,Liechtenstein,Liechtenstein,Liechtenstein,LIE,LI
Sri Lanka,Sri Lanka,Sri Lanka,Sri Lanka,Sri Lanka,LKA,LK
Lesotho,Lesotho,Lesotho,Lesotho,Lesotho,LSO,LS
Lithuania,Lituanie,Lituanie,Lithuania,Lithuania,LTU,LT
Luxembourg,Luxembourg,Luxembourg,Luxembourg,Luxembourg,LUX,LU
Latvia,Lettonie,Lettonie,Latvia,Latvia,LVA,LV
Macao,"Région administrative spéciale de Macao, Chine","Région administrative spéciale de Macao, Chine",Macao,Macao,MAC,MO
Saint Martin (French Part),Saint-Martin (fr),Saint-Martin (fr),Saint Martin (French Part),Saint Martin (French Part),MAF,MF
Morocco,Maroc,Maroc,Morocco,Morocco,MAR,MA
Monaco,Monaco,Monaco,Monaco,Monaco,MCO,MC
Moldova (the Republic of),Moldova,Moldavie,Moldova,"Moldova, Republic of",MDA,MD
Madagascar,Madagascar,Madagascar,Madagascar,Madagascar,MDG,MG
Maldives,Maldives,Maldives,Maldives,Maldives,MDV,MV
Mexico,Mexique,Mexique,Mexico,Mexico,MEX,MX
Marshall Islands (the),Îles Marshall,Iles Marshall,Marshall Islands,Marshall Islands,MHL,MH
Macedonia (the former Yugoslav Republic of),Macédoine du Nord,Macédoine,Macedonia (the former Yugoslav Republic of),"North Macedonia, Republic of",MKD,MK
Mali,Mali,Mali,Mali,Mali,MLI,ML
Malta,Malte,Malte,Malta,Malta,MLT,MT
Myanmar,Myanmar,Myanmar,Myanmar,"Myanmar, Republic of the Union of",MMR,MM
Montenegro,Monténégro,Monténegro,Montenegro,Montenegro,MNE,ME
Mongolia,Mongolie,Mongolie,Mongolia,Mongolia,MNG,MN
Northern Mariana Islands (the),Mariannes,Mariannes,Northern Mariana Islands,Northern Mariana Islands,MNP,MP
Mozambique,Mozambique,Mozambique,Mozambique,Mozambique,MOZ,MZ
Mauritania,Mauritanie,Mauritanie,Mauritania,Mauritania,MRT,MR
Montserrat,Montserrat,Montserrat,Montserrat,Montserrat,MSR,MS
Martinique,Martinique,Martinique (France),Martinique,Martinique,MTQ,MQ
Mauritius,Maurice,Maurice,Mauritius,Mauritius,MUS,MU
Malawi,Malawi,Malawi,Malawi,Malawi,MWI,MW
Malaysia,Malaisie,Malaisie,Malaysia,Malaysia,MYS,MY
Mayotte,Mayotte,Mayotte,Mayotte,Mayotte,MYT,YT
Namibia,Namibie,Namibie,Namibia,Namibia,NAM,NA
New Caledonia,Nouvelle-Calédonie,Nouvelle-Calédonie,New Caledonia,New Caledonia,NCL,NC
Niger (the),Niger,Niger,Niger,Niger,NER,NE
Nigeria,Nigéria,Nigéria,Nigeria,Nigeria,NGA,NG
Nicaragua,Nicaragua,Nicaragua,Nicaragua,Nicaragua,NIC,NI
Niue,Niue,Niue,Niue,Niue,NIU,NU
Netherlands (the),Pays-Bas,Pays-Bas,Netherlands,Netherlands,NLD,NL
Norway,Norvège,Norvège,Norway,Norway,NOR,NO
Nepal,Népal,Népal,Nepal,Nepal,NPL,NP
New Zealand,Nouvelle-Zélande,Nouvelle-Zélande,New Zealand,New Zealand,NZL,NZ
Oman,Oman,Oman,Oman,Oman,OMN,OM
Pakistan,Pakistan,Pakistan,Pakistan,Pakistan,PAK,PK
Panama,Panama,Panama,Panama,Panama,PAN,PA
Peru,Pérou,Pérou,Peru,Peru,PER,PE
Philippines (the),Philippines,Philippines,Philippines,Philippines,PHL,PH
Palau,Palaos,Palau,Palau,Palau,PLW,PW
Papua New Guinea,Papouasie-Nouvelle-Guinée,Papouasie Nouvelle-Guinée,Papua New Guinea,Papua New Guinea,PNG,PG
Poland,Pologne,Pologne,Poland,Poland,POL,PL
Puerto Rico,Porto Rico,Porto Rico,Puerto Rico,Puerto Rico,PRI,PR
Korea (the Democratic People's Republic of),"Corée, République démocratique de",Corée du Nord,Korea (the Democratic People's Republic of),Korea (the Democratic People's Republic of),PRK,KP
Portugal,Portugal,Portugal,Portugal,Portugal,PRT,PT
Paraguay,Paraguay,Paraguay,Paraguay,Paraguay,PRY,PY
"Palestine, State of",Cisjordanie et Gaza,Cisjordanie,"Palestine, State of",State of Palestine,PSE,PS
French Polynesia,Polynésie française,Polynésie française,French Polynesia,French Polynesia,PYF,PF
Qatar,Qatar,Qatar,Qatar,Qatar,QAT,QA
Reunion,Réunion,Réunion (France),Reunion,Reunion,REU,RE
Romania,Roumanie,Roumanie,Romania,Romania,ROU,RO
Russian Federation (the),Fédération de Russie,Russie,Russian Federation,Russian Federation,RUS,RU
Rwanda,Rwanda,Rwanda,Rwanda,Rwanda,RWA,RW
Saudi Arabia,Arabie saoudite,Arabie Saoudite,Saudi Arabia,Saudi Arabia,SAU,SA
Serbia Montenegro,Serbie Monténégro,Serbie Monténégro,Serbia Montenegro,Serbia Montenegro,SCG,CS
Sudan (the),Soudan,Soudan,Sudan,Sudan,SDN,SD
Senegal,Sénégal,Sénégal,Senegal,Senegal,SEN,SN
Singapore,Singapour,Singapour,Singapore,Singapore,SGP,SG
"Saint Helena, Ascension and Tristan da Cunha","Sainte-Hélène, Ascension et Tristan da Cunha","Sainte-Hélène, Ascension et Tristan da Cunha","Saint Helena, Ascension and Tristan da Cunha","Saint Helena, Ascension and Tristan da Cunha",SHN,SH
Solomon Islands,Îles Salomon,Salomon,Solomon Islands,Solomon Islands,SLB,SB
Sierra Leone,Sierra Leone,Sierra Léone,Sierra Leone,Sierra Leone,SLE,SL
El Salvador,El Salvador,Salvador,El Salvador,El Salvador,SLV,SV
San Marino,Saint-Marin,Saint-Marin,San Marino,San Marino,SMR,SM
Somalia,Somalie,Somalie,Somalia,Somalia,SOM,SO
Canary Is,Canary est,Canary est,Canary Is,Canary Is,SPI,IC
Saint Pierre and Miquelon,Saint-Pierre-et-Miquelon,Saint-Pierre-et-Miquelon,Saint Pierre and Miquelon,Saint Pierre and Miquelon,SPM,PM
Serbia,Serbie,Serbie,Serbia,Serbia,SRB,RS
South Sudan,Soudan du Sud,Sud Soudan,South Sudan,"South Sudan, Republic of",SSD,SS
Sao Tome and Principe,Sao Tomé-et-Principe,Sao Tomé-et-Principe,Sao Tome and Principe,Sao Tome and Principe,STP,ST
Soviet Union,Union soviétique,Union soviétique,Soviet Union,Soviet Union,SUN,SU
Suriname,Suriname,Surinam,Suriname,Suriname,SUR,SR
Slovakia,République slovaque,Slovaquie,Slovakia,Slovakia,SVK,SK
Slovenia,Slovénie,Slovénie,Slovenia,Slovenia,SVN,SI
Sweden,Suède,Suède,Sweden,Sweden,SWE,SE
Swaziland,Eswatini,Swaziland,Eswatini,Eswatini,SWZ,SZ
Sint Maarten (Dutch part),Sint Maarten (Dutch part),Sint Maarten (Dutch part),Sint Maarten (Dutch part),Sint Maarten (Dutch part),SXM,SX
Seychelles,Seychelles,Seychelles,Seychelles,Seychelles,SYC,SC
Syrian Arab Republic,République arabe syrienne,Syrie,Syrian Arab Republic,Syrian Arab Republic,SYR,SY
Turks and Caicos Islands (the),Îles Turques-et-Caïques,Turques et Caïques,Turks and Caicos Islands,Turks and Caicos Islands,TCA,TC
Chad,Tchad,Tchad,Chad,Chad,TCD,TD
Togo,Togo,Togo,Togo,Togo,TGO,TG
Thailand,Thaïlande,Thaïlande,Thailand,Thailand,THA,TH
Tajikistan,Tadjikistan,Tadjikhistan,Tajikistan,Tajikistan,TJK,TJ
Tokelau,Tokelau,Tokelau,Tokelau,Tokelau,TKL,TK
Turkmenistan,Turkménistan,Turkménistan,Turkmenistan,Turkmenistan,TKM,TM
Timor-Leste,Timor-Leste,Timor Oriental,Timor-Leste,Timor-Leste,TLS,TL
Tonga,Tonga,Tonga,Tonga,Tonga,TON,TO
Trinidad and Tobago,Trinité-et-Tobago,Trinité et Tobago,Trinidad and Tobago,Trinidad and Tobago,TTO,TT
Tunisia,Tunisie,Tunisie,Tunisia,Tunisia,TUN,TN
Turkey,Turquie,Turquie,Turkey,Turkey,TUR,TR
Tuvalu,Tuvalu,Tuvalu,Tuvalu,Tuvalu,TUV,TV
Taiwan (Province of China),"Taïwan, Province de Chine",Taïwan,Taiwan (Province of China),Taiwan (Province of China),TWN,TW
"Tanzania, United Republic of",Tanzanie,Tanzanie,Tanzania,Tanzania,TZA,TZ
Uganda,Ouganda,Ouganda,Uganda,Uganda,UGA,UG
Ukraine,Ukraine,Ukraine,Ukraine,Ukraine,UKR,UA
Uruguay,Uruguay,Uruguay,Uruguay,Uruguay,URY,UY
United States of America (the),États-Unis,Etats-Unis,United States of America,United States of America,USA,US
Uzbekistan,Ouzbékistan,Ouzbékhistan,Uzbekistan,Uzbekistan,UZB,UZ
Holy See,Saint-Siège,Saint-Siège,Holy See,Holy See,VAT,VA
Saint Vincent and the Grenadines,Saint-Vincent-et-les Grenadines,St Vincent et Grenadines,Saint Vincent and the Grenadines,Saint Vincent and the Grenadines,VCT,VC
Venezuela (Bolivarian Republic of),Venezuela,Vénézuela,Venezuela (Bolivarian Republic of),"Venezuela, Bolivarian Republic of",VEN,VE
Virgin Island (British),Îles Vierges britanniques,Iles Vierges,Virgin Island (British),Virgin Island (British),VGB,VG
Virgin Island (U.S.),Îles Vierges (EU),Iles Vierges (EU),Virgin Island (U.S.),Virgin Island (U.S.),VIR,VI
Viet Nam,Viet Nam,Vietnam,Vietnam,Viet Nam,VNM,VN
Vanuatu,Vanuatu,Vanuatu,Vanuatu,Vanuatu,VUT,VU
Wallis and Futuna,Wallis et Futuna,Wallis et Futuna,Wallis and Futuna,Wallis and Futuna,WLF,WF
Samoa,Samoa,Samoa,Samoa,Samoa,WSM,WS
Northern Cyprus,Chypre du Nord,Chypre du Nord,Northern Cyprus,Northern Cyprus,XCP,XS
Kosovo,Kosovo,Kosovo,Kosovo,Kosovo under UNSC res. 1244,XKX,XK
Yemen,"Yémen, Rép. du",Yémen,Yemen,Yemen,YEM,YE
Yemen P Dem Rep,Yémen P Dem Rep,Yémen P Dem Rep,Yemen P Dem Rep,Yemen P Dem Rep,YMD,XY
Yemen Arab Rep,République arabe du Yémen,Rép. arabe du Yémen,Yemen Arab Rep,Yemen Arab Rep,YMN,XA
Yugoslavia,Yougoslavie,Yougoslavie,Yugoslavia,Yugoslavia,YUG,YU
South Africa,Afrique du Sud,Afrique du Sud,South Africa,South Africa,ZAF,ZA
Zambia,Zambie,Zambie,Zambia,Zambia,ZMB,ZM
Zimbabwe,Zimbabwe,Zimbabwe,Zimbabwe,Zimbabwe,ZWE,ZW
